{
    "mass": 0.04814,
    "centerOfMass": [
        0.014697780639800585,
        0.00026495886996260904,
        0.011872665558786872
    ],
    "transformation": [
        0.7071,
        -0.7071,
        0.0,
        0.0,
        0.7071,
        0.7071,
        0.0,
        0.0,
        0.0,
        0.0,
        1.0,
        0.0,
        0.071999,
        0.0001,
        0.021141,
        1.0
    ],
    "inertia": [
        1.1310411029741132e-05,
        2.321101307359758e-08,
        -6.022180532319391e-06,
        2.321101307359758e-08,
        7.89811969373405e-05,
        -1.1157016302932449e-07,
        -6.022180532319391e-06,
        -1.1157016302932449e-07,
        7.740157299859367e-05
    ],
    "collisionModel": {
        "pointA": [
            0,
            0.005,
            0,
            0,
            0,
            0,
            0,
            0,
            0
        ],
        "pointB": [
            0,
            -0.005,
            0,
            0,
            0,
            0,
            0,
            0,
            0
        ],
        "radius": [
            0.005,
            0,
            0
        ]
    }
}