{
    "mass": 0.10319,
    "centerOfMass": [
        0.08961928258552185,
        -6.300814032367478e-05,
        0.027482416997771097
    ],
    "transformation": [
        0.7071,
        -0.7071,
        0.0,
        0.0,
        0.7071,
        0.7071,
        0.0,
        0.0,
        0.0,
        0.0,
        1.0,
        0.0,
        0.17500000000000002,
        0.0,
        0.05,
        1.0
    ],
    "inertia": [
        0.0001525325766827096,
        1.3410285660512896e-06,
        -0.0005504898052229005,
        1.3410285660512896e-06,
        0.00323649959629337,
        3.3871671259248614e-07,
        -0.0005504898052229005,
        3.3871671259248614e-07,
        0.0030915822484016953
    ],
    "collisionModel":{"pointA":[0,0.005,0,0,0,0,0,0,0],"pointB":[0,-0.005,0,0,0,0,0,0,0],"radius":[0.005,0,0]}
}
